Tiesha Tiesha@xmail.com Tiesha,Phung Phung@xmail.com Phung,Nilsa Nilsa@xmail.com Nilsa,Laurence Laurence@xmail.com Laurence,Tomiko Tomiko@xmail.com Tomiko,Wendy Wendy@xmail.com Wendy,Nita Nita@xmail.com Nita,Tod Tod@xmail.com Tod,Angele Angele@xmail.com Angele,Fabiola Fabiola@xmail.com Fabiola,Tammie Tammie@xmail.com Tammie,Allison Allison@xmail.com Allison,Moon Moon@xmail.com Moon,Latosha Latosha@xmail.com Latosha,Shelly Shelly@xmail.com Shelly,Carolynn Carolynn@xmail.com Carolynn,Mervin Mervin@xmail.com Mervin,Jordan Jordan@xmail.com Jordan,Krystina Krystina@xmail.com Krystina,Bok Bok@xmail.com Bok,Chester Chester@xmail.com Chester,Ardelle Ardelle@xmail.com Ardelle,Lane Lane@xmail.com Lane,Wenona Wenona@xmail.com Wenona,Tashina Tashina@xmail.com Tashina,Glennis Glennis@xmail.com Glennis,Fernando Fernando@xmail.com Fernando,Roselee Roselee@xmail.com Roselee,Zana Zana@xmail.com Zana,Delmar Delmar@xmail.com Delmar,Kenyatta Kenyatta@xmail.com Kenyatta,Jae Jae@xmail.com Jae,Jarred Jarred@xmail.com Jarred,Rob Rob@xmail.com Rob,Ferne Ferne@xmail.com Ferne,Maryln Maryln@xmail.com Maryln,Ike Ike@xmail.com Ike,Lorelei Lorelei@xmail.com Lorelei,Charles Charles@xmail.com Charles,Lorenzo Lorenzo@xmail.com Lorenzo,Sophie Sophie@xmail.com Sophie,Shanelle Shanelle@xmail.com Shanelle,Ammie Ammie@xmail.com Ammie,Katherina Katherina@xmail.com Katherina,Lydia Lydia@xmail.com Lydia,Preston Preston@xmail.com Preston,Sammy Sammy@xmail.com Sammy,Rowena Rowena@xmail.com Rowena,Debbie Debbie@xmail.com Debbie,Toby Toby@xmail.com Toby,Tiesha Tiesha@xmail.com Tiesha,Phung Phung@xmail.com Phung,Tomiko Tomiko@xmail.com Tomiko,Wendy Wendy@xmail.com Wendy,Nita Nita@xmail.com Nita,Tod Tod@xmail.com Tod,Angele Angele@xmail.com Angele,Fabiola Fabiola@xmail.com Fabiola,Tammie Tammie@xmail.com Tammie,Allison Allison@xmail.com Allison,Moon Moon@xmail.com Moon,Latosha Latosha@xmail.com Latosha,Shelly Shelly@xmail.com Shelly,Carolynn Carolynn@xmail.com Carolynn,Mervin Mervin@xmail.com Mervin,Jordan Jordan@xmail.com Jordan,Krystina Krystina@xmail.com Krystina,Bok Bok@xmail.com Bok,Chester Chester@xmail.com Chester,Ardelle Ardelle@xmail.com Ardelle,Lane Lane@xmail.com Lane,Wenona Wenona@xmail.com Wenona,Tashina Tashina@xmail.com Tashina,Glennis Glennis@xmail.com Glennis,Fernando Fernando@xmail.com Fernando,Roselee Roselee@xmail.com Roselee,Zana Zana@xmail.com Zana,Delmar Delmar@xmail.com Delmar,Kenyatta Kenyatta@xmail.com Kenyatta,Jae Jae@xmail.com Jae,Jarred Jarred@xmail.com Jarred,Rob Rob@xmail.com Rob,Ferne Ferne@xmail.com Ferne,Maryln Maryln@xmail.com Maryln,Ike Ike@xmail.com Ike,Lorelei Lorelei@xmail.com Lorelei,Charles Charles@xmail.com Charles,Lorenzo Lorenzo@xmail.com Lorenzo,Sophie Sophie@xmail.com Sophie,Shanelle Shanelle@xmail.com Shanelle,Ammie Ammie@xmail.com Ammie,Katherina Katherina@xmail.com Katherina,Preston Preston@xmail.com Preston,Sammy Sammy@xmail.com Sammy,Rowena Rowena@xmail.com Rowena,Debbie Debbie@xmail.com Debbie,Lydia Lydia@xmail.com Lydia,Nilsa Nilsa@xmail.com Nilsa,Laurence Laurence@xmail.com Laurence,Toby Toby@xmail.com Toby,Tiesha Tiesha@xmail.com Tiesha,Phung Phung@xmail.com Phung,Nilsa Nilsa@xmail.com Nilsa,Laurence Laurence@xmail.com Laurence,Tomiko Tomiko@xmail.com Tomiko,Wendy Wendy@xmail.com Wendy,Nita Nita@xmail.com Nita,Tod Tod@xmail.com Tod,Angele Angele@xmail.com Angele,Fabiola Fabiola@xmail.com Fabiola,Tammie Tammie@xmail.com Tammie,Allison Allison@xmail.com Allison,Moon Moon@xmail.com Moon,Latosha Latosha@xmail.com Latosha,Shelly Shelly@xmail.com Shelly,Carolynn Carolynn@xmail.com Carolynn,Mervin Mervin@xmail.com Mervin,Jordan Jordan@xmail.com Jordan,Krystina Krystina@xmail.com Krystina,Bok Bok@xmail.com Bok,Chester Chester@xmail.com Chester,Ardelle Ardelle@xmail.com Ardelle,Lane Lane@xmail.com Lane,Wenona Wenona@xmail.com Wenona,Tashina Tashina@xmail.com Tashina,Glennis Glennis@xmail.com Glennis,Fernando Fernando@xmail.com Fernando,Roselee Roselee@xmail.com Roselee,Zana Zana@xmail.com Zana,Delmar Delmar@xmail.com Delmar,Kenyatta Kenyatta@xmail.com Kenyatta,Jae Jae@xmail.com Jae,Jarred Jarred@xmail.com Jarred,Rob Rob@xmail.com Rob,Ferne Ferne@xmail.com Ferne,Maryln Maryln@xmail.com Maryln,Ike Ike@xmail.com Ike,Lorelei Lorelei@xmail.com Lorelei,Charles Charles@xmail.com Charles,Lorenzo Lorenzo@xmail.com Lorenzo,Sophie Sophie@xmail.com Sophie,Shanelle Shanelle@xmail.com Shanelle,Ammie Ammie@xmail.com Ammie,Katherina Katherina@xmail.com Katherina,Preston Preston@xmail.com Preston,Sammy Sammy@xmail.com Sammy,Rowena Rowena@xmail.com Rowena,Debbie Debbie@xmail.com Debbie,Lydia Lydia@xmail.com Lydia,Toby Toby@xmail.com Toby,Tiesha Tiesha@xmail.com Tiesha,Phung Phung@xmail.com Phung,Nilsa Nilsa@xmail.com Nilsa,Laurence Laurence@xmail.com Laurence,Tomiko Tomiko@xmail.com Tomiko,Wendy Wendy@xmail.com Wendy,Nita Nita@xmail.com Nita,Tod Tod@xmail.com Tod,Angele Angele@xmail.com Angele,Fabiola Fabiola@xmail.com Fabiola,Tammie Tammie@xmail.com Tammie,Allison Allison@xmail.com Allison,Moon Moon@xmail.com Moon,Latosha Latosha@xmail.com Latosha,Shelly Shelly@xmail.com Shelly,Carolynn Carolynn@xmail.com Carolynn,Mervin Mervin@xmail.com Mervin,Jordan Jordan@xmail.com Jordan,Krystina Krystina@xmail.com Krystina,Bok Bok@xmail.com Bok,Chester Chester@xmail.com Chester,Ardelle Ardelle@xmail.com Ardelle,Lane Lane@xmail.com Lane,Wenona Wenona@xmail.com Wenona,Tashina Tashina@xmail.com Tashina,Glennis Glennis@xmail.com Glennis,Fernando Fernando@xmail.com Fernando,Roselee Roselee@xmail.com Roselee,Zana Zana@xmail.com Zana,Delmar Delmar@xmail.com Delmar,Kenyatta Kenyatta@xmail.com Kenyatta,Jae Jae@xmail.com Jae,Jarred Jarred@xmail.com Jarred,Rob Rob@xmail.com Rob,Ferne Ferne@xmail.com Ferne,Maryln Maryln@xmail.com Maryln,Ike Ike@xmail.com Ike,Lorelei Lorelei@xmail.com Lorelei,Charles Charles@xmail.com Charles,Lorenzo Lorenzo@xmail.com Lorenzo,Sophie Sophie@xmail.com Sophie,Shanelle Shanelle@xmail.com Shanelle,Ammie Ammie@xmail.com Ammie,Katherina Katherina@xmail.com Katherina,Preston Preston@xmail.com Preston,Sammy Sammy@xmail.com Sammy,Rowena Rowena@xmail.com Rowena,Debbie Debbie@xmail.com Debbie,Lydia Lydia@xmail.com Lydia,Toby Toby@xmail.com Toby,Tiesha Tiesha@xmail.com Tiesha,Phung Phung@xmail.com Phung,Nilsa Nilsa@xmail.com Nilsa,Laurence Laurence@xmail.com Laurence,Tomiko Tomiko@xmail.com Tomiko,Wendy Wendy@xmail.com Wendy,Nita Nita@xmail.com Nita,Tod Tod@xmail.com Tod,Angele Angele@xmail.com Angele,Fabiola Fabiola@xmail.com Fabiola,Tammie Tammie@xmail.com Tammie,Allison Allison@xmail.com Allison,Moon Moon@xmail.com Moon,Latosha Latosha@xmail.com Latosha,Shelly Shelly@xmail.com Shelly,Carolynn Carolynn@xmail.com Carolynn,Mervin Mervin@xmail.com Mervin,Jordan Jordan@xmail.com Jordan,Krystina Krystina@xmail.com Krystina,Bok Bok@xmail.com Bok,Chester Chester@xmail.com Chester,Ardelle Ardelle@xmail.com Ardelle,Lane Lane@xmail.com Lane,Wenona Wenona@xmail.com Wenona,Tashina Tashina@xmail.com Tashina,Glennis Glennis@xmail.com Glennis,Fernando Fernando@xmail.com Fernando,Roselee Roselee@xmail.com Roselee,Zana Zana@xmail.com Zana,Delmar Delmar@xmail.com Delmar,Kenyatta Kenyatta@xmail.com Kenyatta,Jae Jae@xmail.com Jae,Jarred Jarred@xmail.com Jarred,Rob Rob@xmail.com Rob,Ferne Ferne@xmail.com Ferne,Maryln Maryln@xmail.com Maryln,Ike Ike@xmail.com Ike,Lorelei Lorelei@xmail.com Lorelei,Charles Charles@xmail.com Charles,Lorenzo Lorenzo@xmail.com Lorenzo,Sophie Sophie@xmail.com Sophie,Shanelle Shanelle@xmail.com Shanelle,Ammie Ammie@xmail.com Ammie,Katherina Katherina@xmail.com Katherina,Preston Preston@xmail.com Preston,Sammy Sammy@xmail.com Sammy,Rowena Rowena@xmail.com Rowena,Debbie Debbie@xmail.com Debbie,Lydia Lydia@xmail.com Lydia,Toby Toby@xmail.com Toby,Tiesha Tiesha@xmail.com Tiesha,Phung Phung@xmail.com Phung,Nilsa Nilsa@xmail.com Nilsa,Laurence Laurence@xmail.com Laurence,Tomiko Tomiko@xmail.com Tomiko,Wendy Wendy@xmail.com Wendy,Nita Nita@xmail.com Nita,Tod Tod@xmail.com Tod,Angele Angele@xmail.com Angele,Fabiola Fabiola@xmail.com Fabiola,Tammie Tammie@xmail.com Tammie,Allison Allison@xmail.com Allison,Moon Moon@xmail.com Moon,Latosha Latosha@xmail.com Latosha,Shelly Shelly@xmail.com Shelly,Carolynn Carolynn@xmail.com Carolynn,Mervin Mervin@xmail.com Mervin,Jordan Jordan@xmail.com Jordan,Krystina Krystina@xmail.com Krystina,Bok Bok@xmail.com Bok,Chester Chester@xmail.com Chester,Ardelle Ardelle@xmail.com Ardelle,Lane Lane@xmail.com Lane,Wenona Wenona@xmail.com Wenona,Tashina Tashina@xmail.com Tashina,Glennis Glennis@xmail.com Glennis,Fernando Fernando@xmail.com Fernando,Roselee Roselee@xmail.com Roselee,Zana Zana@xmail.com Zana,Delmar Delmar@xmail.com Delmar,Kenyatta Kenyatta@xmail.com Kenyatta,Jae Jae@xmail.com Jae,Jarred Jarred@xmail.com Jarred,Rob Rob@xmail.com Rob,Ferne Ferne@xmail.com Ferne,Maryln Maryln@xmail.com Maryln,Ike Ike@xmail.com Ike,Lorelei Lorelei@xmail.com Lorelei,Charles Charles@xmail.com Charles,Lorenzo Lorenzo@xmail.com Lorenzo,Sophie Sophie@xmail.com Sophie,Shanelle Shanelle@xmail.com Shanelle,Ammie Ammie@xmail.com Ammie,Katherina Katherina@xmail.com Katherina,Lydia Lydia@xmail.com Lydia,Sammy Sammy@xmail.com Sammy,Rowena Rowena@xmail.com Rowena,Preston Preston@xmail.com Preston,Debbie Debbie@xmail.com Debbie,Toby Toby@xmail.com Toby,